,correlation,lag_0,lag_1,lag_2
0,Diesel x Oil,0.5973374033508755,0.44982028555458625,0.305980606761814
1,Gasoline x Oil,0.48109535769314105,0.32585795947246493,0.13221426204875208
2,Ethanol x Oil,0.3118492728099515,0.3803011688361468,0.23972505765246013
3,Gasoline x Ethanol,0.7822869491234313,0.5029657091925901,0.3233853863214497
4,Gasoline x Diesel,0.375431430824576,0.3042397573675275,0.21682896948954283
5,Diesel x Ethanol,0.34939788418330986,0.18872946795939938,-0.13772427635361303
